-- phpMyAdmin SQL Dump
-- version 5.1.1
-- https://www.phpmyadmin.net/
--
-- Host: localhost:3306
-- Generation Time: Jun 05, 2022 at 10:42 AM
-- Server version: 5.7.33
-- PHP Version: 7.4.19

SET SQL_MODE = "NO_AUTO_VALUE_ON_ZERO";
START TRANSACTION;
SET time_zone = "+00:00";


/*!40101 SET @OLD_CHARACTER_SET_CLIENT=@@CHARACTER_SET_CLIENT */;
/*!40101 SET @OLD_CHARACTER_SET_RESULTS=@@CHARACTER_SET_RESULTS */;
/*!40101 SET @OLD_COLLATION_CONNECTION=@@COLLATION_CONNECTION */;
/*!40101 SET NAMES utf8mb4 */;

--
-- Database: `tcba`
--

-- --------------------------------------------------------

--
-- Table structure for table `changelog`
--

CREATE TABLE `changelog` (
  `device_id` int(11) DEFAULT NULL,
  `human_name` varchar(1023) COLLATE utf8_unicode_ci NOT NULL,
  `dcs_change` varchar(1023) COLLATE utf8_unicode_ci DEFAULT NULL,
  `time_stamp` datetime NOT NULL
) ENGINE=InnoDB DEFAULT CHARSET=utf8 COLLATE=utf8_unicode_ci;

--
-- Dumping data for table `changelog`
--

INSERT INTO `changelog` (`device_id`, `human_name`, `dcs_change`, `time_stamp`) VALUES
(102, 'Bao', 'ON TO OFF', '2022-04-29 02:18:08'),
(102, 'Bao', 'OFF TO ON', '2022-04-29 02:18:22'),
(102, 'Bao', 'ON TO OFF', '2022-04-29 02:18:46'),
(102, 'Bao', 'ON TO OFF', '2022-04-29 02:19:16'),
(101, 'Bao', 'OFF TO ON', '2022-04-29 02:19:24'),
(103, 'Bao', 'OFF TO ON', '2022-04-29 02:19:25'),
(101, 'Bao', 'ON TO OFF', '2022-04-29 02:24:04'),
(103, 'Bao', 'ON TO OFF', '2022-04-29 02:24:05'),
(102, 'Bao', 'ON TO OFF', '2022-04-29 02:24:07'),
(101, 'Bao', 'OFF TO ON', '2022-04-29 02:24:08'),
(103, 'Bao', 'OFF TO ON', '2022-04-29 02:24:09'),
(102, 'Bao', 'OFF TO ON', '2022-04-29 02:24:10'),
(102, 'Bao', 'OFF TO ON', '2022-04-29 02:24:14'),
(102, 'Bao', 'ON TO OFF', '2022-04-29 02:24:15'),
(102, 'Bao', 'OFF TO ON', '2022-04-29 02:24:16'),
(102, 'Bao', 'OFF TO ON', '2022-04-29 02:24:18'),
(102, 'Bao', 'ON TO OFF', '2022-04-29 02:24:19'),
(102, 'Bao', 'OFF TO ON', '2022-04-29 02:24:25'),
(102, 'Bao', 'ON TO OFF', '2022-04-29 02:24:35'),
(101, 'Bao', 'ON TO OFF', '2022-04-29 02:24:46'),
(101, 'Bao', 'ON TO OFF', '2022-04-29 02:24:55'),
(101, 'Bao', 'OFF TO ON', '2022-04-29 02:25:02'),
(102, 'Bao', 'ON TO OFF', '2022-04-29 02:25:32'),
(101, 'Bao', 'ON TO OFF', '2022-04-29 02:25:34'),
(103, 'Bao', 'ON TO OFF', '2022-04-29 02:25:35'),
(102, 'Bao', 'OFF TO ON', '2022-04-29 02:29:13'),
(102, 'Bao', 'ON TO OFF', '2022-04-29 02:31:14'),
(102, 'Bao', 'OFF TO ON', '2022-04-29 10:55:19'),
(102, 'Bao', 'ON TO OFF', '2022-04-29 12:14:18'),
(103, 'Bao', 'OFF TO ON', '2022-04-29 12:14:31'),
(101, 'Bao', 'OFF TO ON', '2022-04-29 12:19:59'),
(101, 'Bao', 'ON TO OFF', '2022-04-29 12:20:41'),
(101, 'Bao', 'OFF TO ON', '2022-04-29 12:20:48'),
(102, 'Bao', 'ON TO OFF', '2022-04-29 12:21:15'),
(102, 'Bao', 'ON TO OFF', '2022-04-29 12:21:20'),
(102, 'Bao', 'OFF TO ON', '2022-04-29 12:21:23'),
(102, 'Bao', 'ON TO OFF', '2022-04-29 12:21:25'),
(102, 'Bao', 'OFF TO ON', '2022-04-29 12:21:30'),
(102, 'Bao', 'OFF TO ON', '2022-04-29 12:21:41'),
(102, 'Bao', 'ON TO OFF', '2022-04-29 12:22:24'),
(101, 'Bao', 'ON TO OFF', '2022-04-29 12:22:25'),
(103, 'Bao', 'ON TO OFF', '2022-04-29 12:22:26'),
(101, 'Bao', 'OFF TO ON', '2022-04-29 12:44:13'),
(102, 'Bao', 'OFF TO ON', '2022-04-29 12:44:16'),
(102, 'Bao', 'ON TO OFF', '2022-04-29 12:59:55'),
(102, 'Bao', 'OFF TO ON', '2022-04-29 13:00:21'),
(103, 'Bao', 'OFF TO ON', '2022-04-29 13:00:53'),
(101, 'Bao', 'ON TO OFF', '2022-04-30 00:15:16'),
(102, 'Bao', 'ON TO OFF', '2022-04-30 00:15:17'),
(103, 'Bao', 'ON TO OFF', '2022-04-30 00:15:18'),
(102, 'bao123', 'OFF TO ON', '2022-04-30 00:49:34'),
(102, 'bao1234', 'ON TO OFF', '2022-04-30 00:50:14'),
(102, 'bao123456', 'OFF TO ON', '2022-04-30 02:14:27'),
(102, 'bao1234', 'ON TO OFF', '2022-04-30 02:16:38'),
(102, 'bao1234', 'OFF TO ON', '2022-04-30 02:26:53'),
(103, 'bao1234', 'OFF TO ON', '2022-04-30 02:26:54'),
(102, 'bao1234', 'ON TO OFF', '2022-04-30 17:36:52'),
(102, 'bao12345', 'OFF TO ON', '2022-04-30 17:37:19'),
(102, 'bao12345', 'ON TO OFF', '2022-04-30 17:37:28'),
(102, 'bao12345', 'OFF TO ON', '2022-04-30 17:43:55'),
(102, 'bao12345', 'ON TO OFF', '2022-04-30 17:44:03'),
(102, 'bao1234', 'OFF TO ON', '2022-04-30 17:44:30'),
(102, 'bao12345', 'ON TO OFF', '2022-04-30 17:44:35'),
(101, 'bao12345', 'OFF TO ON', '2022-04-30 17:44:55'),
(102, 'bao12345', 'ON TO OFF', '2022-04-30 17:45:38'),
(102, 'bao1234', 'ON TO OFF', '2022-04-30 17:46:03'),
(102, 'bao12345', 'ON TO OFF', '2022-04-30 17:46:27'),
(102, 'bao1234', 'ON TO OFF', '2022-04-30 17:47:03'),
(101, 'bao1234', 'ON TO OFF', '2022-04-30 17:47:44'),
(102, 'bao1234', 'ON TO OFF', '2022-04-30 17:53:43'),
(101, 'bao1234', 'ON TO OFF', '2022-04-30 17:55:55'),
(102, 'bao1234', 'ON TO OFF', '2022-04-30 17:56:55'),
(101, 'bao1234', 'ON TO OFF', '2022-04-30 17:56:56'),
(102, 'bao1234', 'ON TO OFF', '2022-04-30 17:57:07'),
(101, 'bao1234', 'ON TO OFF', '2022-04-30 17:57:08'),
(103, 'bao1234', 'ON TO OFF', '2022-04-30 17:58:13'),
(102, 'bao12345', 'OFF TO ON', '2022-04-30 22:13:26'),
(103, 'bao12345', 'ON TO OFF', '2022-04-30 22:14:35'),
(102, 'bao12345', 'OFF TO ON', '2022-04-30 22:16:03'),
(103, 'bao1234', 'ON TO OFF', '2022-04-30 22:26:52'),
(103, 'bao1234', 'ON TO OFF', '2022-04-30 22:27:10'),
(102, 'bao12345', 'ON TO OFF', '2022-04-30 22:35:54'),
(102, 'bao12345', 'OFF TO ON', '2022-04-30 22:36:46'),
(103, 'bao1234', 'OFF TO ON', '2022-04-30 22:36:51'),
(102, 'bao12345', 'ON TO OFF', '2022-04-30 22:36:56'),
(101, 'bao12345', 'ON TO OFF', '2022-04-30 22:36:57'),
(102, 'bao1234', 'OFF TO ON', '2022-04-30 22:37:36'),
(102, 'bao1234', 'ON TO OFF', '2022-04-30 22:38:31'),
(102, 'bao1234', 'OFF TO ON', '2022-04-30 22:39:07'),
(102, 'bao12345', 'ON TO OFF', '2022-04-30 22:45:31'),
(102, 'bao1234', 'OFF TO ON', '2022-04-30 22:50:33'),
(102, 'bao1234', 'ON TO OFF', '2022-04-30 22:50:43'),
(102, 'bao1234', 'OFF TO ON', '2022-04-30 22:51:29'),
(102, 'bao12345', 'ON TO OFF', '2022-04-30 22:52:41'),
(102, 'bao12345', 'OFF TO ON', '2022-04-30 22:52:44'),
(102, 'bao12345', 'ON TO OFF', '2022-04-30 22:52:49'),
(103, 'bao12345', 'ON TO OFF', '2022-04-30 22:52:51'),
(102, 'bao1234', 'OFF TO ON', '2022-04-30 23:01:05'),
(103, 'bao1234', 'OFF TO ON', '2022-04-30 23:28:29'),
(102, 'bao123', 'ON TO OFF', '2022-05-21 20:13:50'),
(102, 'bao123', 'ON TO OFF', '2022-05-21 20:13:56'),
(102, 'bao123', 'ON TO OFF', '2022-05-21 20:13:58'),
(102, 'bao123', 'ON TO OFF', '2022-05-21 20:16:09'),
(102, 'bao123', 'ON TO OFF', '2022-05-21 20:16:15'),
(102, 'bao123', 'ON TO OFF', '2022-05-21 20:20:32'),
(102, 'bao123', 'ON TO OFF', '2022-05-21 20:21:22'),
(102, 'bao123', 'OFF TO ON', '2022-05-21 20:21:28'),
(102, 'bao123', 'ON TO OFF', '2022-05-22 03:27:15'),
(103, 'bao123', 'ON TO OFF', '2022-05-22 03:27:17'),
(103, 'bao123', 'OFF TO ON', '2022-05-22 03:30:18'),
(102, 'bao123', 'OFF TO ON', '2022-05-22 03:30:32'),
(102, 'bao123', 'ON TO OFF', '2022-05-22 03:40:10'),
(102, 'bao123', 'OFF TO ON', '2022-05-22 04:21:58'),
(102, 'bao123', 'ON TO OFF', '2022-05-23 18:25:20'),
(103, 'bao123', 'ON TO OFF', '2022-05-23 18:25:21'),
(101, 'bao123', 'OFF TO ON', '2022-06-04 16:38:09'),
(101, 'bao123', 'OFF TO ON', '2022-06-04 16:38:16'),
(101, 'bao123', 'OFF TO ON', '2022-06-04 16:38:18'),
(101, 'bao123', 'OFF TO ON', '2022-06-04 16:38:29'),
(101, 'bao123', 'OFF TO ON', '2022-06-04 16:40:00'),
(101, 'bao123', 'OFF TO ON', '2022-06-04 16:43:51'),
(101, 'bao123', 'OFF TO ON', '2022-06-04 16:44:57'),
(102, 'bao123', 'OFF TO ON', '2022-06-04 16:49:52'),
(102, 'bao123', 'ON TO OFF', '2022-06-05 12:28:27'),
(102, 'bao123', 'ON TO OFF', '2022-06-05 12:28:29'),
(103, 'bao123', 'OFF TO ON', '2022-06-05 12:37:21'),
(101, 'bao123', 'OFF TO ON', '2022-06-05 13:54:43'),
(102, 'bao123', 'ON TO OFF', '2022-06-05 16:13:05');

-- --------------------------------------------------------

--
-- Table structure for table `datalimit`
--

CREATE TABLE `datalimit` (
  `element` varchar(1023) COLLATE utf8_unicode_ci NOT NULL,
  `limit_value` int(11) NOT NULL
) ENGINE=InnoDB DEFAULT CHARSET=utf8 COLLATE=utf8_unicode_ci;

--
-- Dumping data for table `datalimit`
--

INSERT INTO `datalimit` (`element`, `limit_value`) VALUES
('Humidity', 62),
('Moisture', 500),
('Light', 500),
('Temperature', 30);

-- --------------------------------------------------------

--
-- Table structure for table `device`
--

CREATE TABLE `device` (
  `device_id` int(11) NOT NULL,
  `state` int(11) DEFAULT NULL
) ENGINE=InnoDB DEFAULT CHARSET=utf8 COLLATE=utf8_unicode_ci;

--
-- Dumping data for table `device`
--

INSERT INTO `device` (`device_id`, `state`) VALUES
(101, 0),
(102, 1),
(103, 0);

-- --------------------------------------------------------

--
-- Table structure for table `record`
--

CREATE TABLE `record` (
  `record_id` int(11) NOT NULL,
  `temp` int(11) DEFAULT NULL,
  `humi` int(11) DEFAULT NULL,
  `light` int(11) DEFAULT NULL,
  `soil` int(11) DEFAULT NULL,
  `time` datetime DEFAULT NULL
) ENGINE=InnoDB DEFAULT CHARSET=utf8 COLLATE=utf8_unicode_ci;

--
-- Dumping data for table `record`
--

INSERT INTO `record` (`record_id`, `temp`, `humi`, `light`, `soil`, `time`) VALUES
(1, 30, 51, 159, 546, '2022-04-17 01:43:15'),
(2, 31, 52, 160, 612, '2022-04-17 01:43:20'),
(3, 21, 80, 80, 584, '2022-04-17 01:43:25'),
(4, 30, 24, 729, 163, '2022-04-17 01:43:30'),
(5, 40, 47, 814, 1021, '2022-04-17 01:43:40'),
(6, 43, 72, 435, 121, '2022-04-17 01:43:51'),
(7, 25, 61, 553, 520, '2022-04-17 01:43:55');

-- --------------------------------------------------------

--
-- Table structure for table `users`
--

CREATE TABLE `users` (
  `id` int(11) NOT NULL,
  `username` varchar(64) COLLATE utf8_unicode_ci DEFAULT NULL,
  `email` varchar(64) COLLATE utf8_unicode_ci DEFAULT NULL,
  `password` blob
) ENGINE=InnoDB DEFAULT CHARSET=utf8 COLLATE=utf8_unicode_ci;

--
-- Dumping data for table `users`
--

INSERT INTO `users` (`id`, `username`, `email`, `password`) VALUES
(1, 'bao123', 'bao.lethpttpcb@hcmut.edu.vn', 0x383364316539346435326632343331613965396133303465393030653532313739366333363336316536663430343965666138366239383663623036393166666630306265346539376234386631626361306237346636383366316637353334623363643563396562336664373437373463316164326231663037346439306532313738376535643335663436666638626166313161373039616666353932346537363132663033353261386465323364623238666235613139336162643433),
(2, 'bao1234', 'orenomagi@gmail.com', 0x633363393037353965626334626632613963303637353465616435383237326332306132613064643863323966643164626364333766636431663064303935393733306639383936333835643065353237386363316130316533613133363032303137306432303231353332396563373234306132636637663262333662333031326362316264373039313039323230316566343262623766373431636633323063303631323063376464366636306663666638366462663935633663316234),
(3, 'bao12345', 'baox@gmail.com', 0x396561346134333363623830373736323866383134333332373533613765653434313463363061613933663761373661393231353662333261336661346439346237646430393565353736323030313462623061303836643061353533323762616435333037353465383461323130353337306462616636326538353636653636653466313239633761666431343830613535366263616563653133633138316662306466393638666532666165346335366365363836343631393362326132),
(4, 'bao123456', 'hvivi0809@gmail.com', 0x666662343866303466633161633138393938396464346539303531303834363034376432303439646237343035633130306466636638306538363266376439353638343762363237323931353564336337323064613530333537353461643030653836636231323130646138306662613461303034313734393634633761633063626166393835356461646363393937323039303330366531373664393234653464333866383430636132393536636465663139663238643635393365353531);

--
-- Indexes for dumped tables
--

--
-- Indexes for table `changelog`
--
ALTER TABLE `changelog`
  ADD PRIMARY KEY (`time_stamp`);

--
-- Indexes for table `device`
--
ALTER TABLE `device`
  ADD PRIMARY KEY (`device_id`);

--
-- Indexes for table `record`
--
ALTER TABLE `record`
  ADD PRIMARY KEY (`record_id`);

--
-- Indexes for table `users`
--
ALTER TABLE `users`
  ADD PRIMARY KEY (`id`),
  ADD UNIQUE KEY `username` (`username`),
  ADD UNIQUE KEY `email` (`email`);

--
-- AUTO_INCREMENT for dumped tables
--

--
-- AUTO_INCREMENT for table `device`
--
ALTER TABLE `device`
  MODIFY `device_id` int(11) NOT NULL AUTO_INCREMENT, AUTO_INCREMENT=104;

--
-- AUTO_INCREMENT for table `record`
--
ALTER TABLE `record`
  MODIFY `record_id` int(11) NOT NULL AUTO_INCREMENT, AUTO_INCREMENT=8;

--
-- AUTO_INCREMENT for table `users`
--
ALTER TABLE `users`
  MODIFY `id` int(11) NOT NULL AUTO_INCREMENT, AUTO_INCREMENT=5;
COMMIT;

/*!40101 SET CHARACTER_SET_CLIENT=@OLD_CHARACTER_SET_CLIENT */;
/*!40101 SET CHARACTER_SET_RESULTS=@OLD_CHARACTER_SET_RESULTS */;
/*!40101 SET COLLATION_CONNECTION=@OLD_COLLATION_CONNECTION */;
